<?xml version="1.0"?>
<doc>
    <assembly>
        <name>Battery Control Center</name>
    </assembly>
    <members>
        <member name="F:BMSTool.Forms.balance.components">
            <summary>
            Required designer variable.
            </summary>
        </member>
        <member name="M:BMSTool.Forms.balance.Dispose(System.Boolean)">
            <summary>
            Clean up any resources being used.
            </summary>
            <param name="disposing">true if managed resources should be disposed; otherwise, false.</param>
        </member>
        <member name="M:BMSTool.Forms.balance.InitializeComponent">
            <summary>
            Required method for Designer support - do not modify
            the contents of this method with the code editor.
            </summary>
        </member>
        <member name="F:BMSTool.Forms.companyInfo.components">
            <summary>
            Required designer variable.
            </summary>
        </member>
        <member name="M:BMSTool.Forms.companyInfo.Dispose(System.Boolean)">
            <summary>
            Clean up any resources being used.
            </summary>
            <param name="disposing">true if managed resources should be disposed; otherwise, false.</param>
        </member>
        <member name="M:BMSTool.Forms.companyInfo.InitializeComponent">
            <summary>
            Required method for Designer support - do not modify
            the contents of this method with the code editor.
            </summary>
        </member>
        <member name="F:BMSTool.Forms.InitialSet.components">
            <summary>
            Required designer variable.
            </summary>
        </member>
        <member name="M:BMSTool.Forms.InitialSet.Dispose(System.Boolean)">
            <summary>
            Clean up any resources being used.
            </summary>
            <param name="disposing">true if managed resources should be disposed; otherwise, false.</param>
        </member>
        <member name="M:BMSTool.Forms.InitialSet.InitializeComponent">
            <summary>
            Required method for Designer support - do not modify
            the contents of this method with the code editor.
            </summary>
        </member>
        <member name="F:BMSTool.Forms.ReadInfo.components">
            <summary>
            Required designer variable.
            </summary>
        </member>
        <member name="M:BMSTool.Forms.ReadInfo.Dispose(System.Boolean)">
            <summary>
            Clean up any resources being used.
            </summary>
            <param name="disposing">true if managed resources should be disposed; otherwise, false.</param>
        </member>
        <member name="M:BMSTool.Forms.ReadInfo.InitializeComponent">
            <summary>
            Required method for Designer support - do not modify
            the contents of this method with the code editor.
            </summary>
        </member>
        <member name="F:BMSTool.Forms.update.components">
            <summary>
            Required designer variable.
            </summary>
        </member>
        <member name="M:BMSTool.Forms.update.Dispose(System.Boolean)">
            <summary>
            Clean up any resources being used.
            </summary>
            <param name="disposing">true if managed resources should be disposed; otherwise, false.</param>
        </member>
        <member name="M:BMSTool.Forms.update.InitializeComponent">
            <summary>
            Required method for Designer support - do not modify
            the contents of this method with the code editor.
            </summary>
        </member>
        <member name="F:BMSTool.Forms.BatCellPar.components">
            <summary>
            Required designer variable.
            </summary>
        </member>
        <member name="M:BMSTool.Forms.BatCellPar.Dispose(System.Boolean)">
            <summary>
            Clean up any resources being used.
            </summary>
            <param name="disposing">true if managed resources should be disposed; otherwise, false.</param>
        </member>
        <member name="M:BMSTool.Forms.BatCellPar.InitializeComponent">
            <summary>
            Required method for Designer support - do not modify
            the contents of this method with the code editor.
            </summary>
        </member>
        <member name="F:BMSTool.Forms.CrgCommError.components">
            <summary>
            Required designer variable.
            </summary>
        </member>
        <member name="M:BMSTool.Forms.CrgCommError.Dispose(System.Boolean)">
            <summary>
            Clean up any resources being used.
            </summary>
            <param name="disposing">true if managed resources should be disposed; otherwise, false.</param>
        </member>
        <member name="M:BMSTool.Forms.CrgCommError.InitializeComponent">
            <summary>
            Required method for Designer support - do not modify
            the contents of this method with the code editor.
            </summary>
        </member>
        <member name="F:BMSTool.Forms.Current.components">
            <summary>
            Required designer variable.
            </summary>
        </member>
        <member name="M:BMSTool.Forms.Current.Dispose(System.Boolean)">
            <summary>
            Clean up any resources being used.
            </summary>
            <param name="disposing">true if managed resources should be disposed; otherwise, false.</param>
        </member>
        <member name="M:BMSTool.Forms.Current.InitializeComponent">
            <summary>
            Required method for Designer support - do not modify
            the contents of this method with the code editor.
            </summary>
        </member>
        <member name="F:BMSTool.Forms.Insula.components">
            <summary>
            Required designer variable.
            </summary>
        </member>
        <member name="M:BMSTool.Forms.Insula.Dispose(System.Boolean)">
            <summary>
            Clean up any resources being used.
            </summary>
            <param name="disposing">true if managed resources should be disposed; otherwise, false.</param>
        </member>
        <member name="M:BMSTool.Forms.Insula.InitializeComponent">
            <summary>
            Required method for Designer support - do not modify
            the contents of this method with the code editor.
            </summary>
        </member>
        <member name="F:BMSTool.Forms.ModuleError.components">
            <summary>
            Required designer variable.
            </summary>
        </member>
        <member name="M:BMSTool.Forms.ModuleError.Dispose(System.Boolean)">
            <summary>
            Clean up any resources being used.
            </summary>
            <param name="disposing">true if managed resources should be disposed; otherwise, false.</param>
        </member>
        <member name="M:BMSTool.Forms.ModuleError.InitializeComponent">
            <summary>
            Required method for Designer support - do not modify
            the contents of this method with the code editor.
            </summary>
        </member>
        <member name="F:BMSTool.Forms.SysError.components">
            <summary>
            Required designer variable.
            </summary>
        </member>
        <member name="M:BMSTool.Forms.SysError.Dispose(System.Boolean)">
            <summary>
            Clean up any resources being used.
            </summary>
            <param name="disposing">true if managed resources should be disposed; otherwise, false.</param>
        </member>
        <member name="M:BMSTool.Forms.SysError.InitializeComponent">
            <summary>
            Required method for Designer support - do not modify
            the contents of this method with the code editor.
            </summary>
        </member>
        <member name="F:BMSTool.Forms.Temp.components">
            <summary>
            Required designer variable.
            </summary>
        </member>
        <member name="M:BMSTool.Forms.Temp.Dispose(System.Boolean)">
            <summary>
            Clean up any resources being used.
            </summary>
            <param name="disposing">true if managed resources should be disposed; otherwise, false.</param>
        </member>
        <member name="M:BMSTool.Forms.Temp.InitializeComponent">
            <summary>
            Required method for Designer support - do not modify
            the contents of this method with the code editor.
            </summary>
        </member>
        <member name="F:BMSTool.Forms.FromControlTemp.components">
            <summary>
            Required designer variable.
            </summary>
        </member>
        <member name="M:BMSTool.Forms.FromControlTemp.Dispose(System.Boolean)">
            <summary>
            Clean up any resources being used.
            </summary>
            <param name="disposing">true if managed resources should be disposed; otherwise, false.</param>
        </member>
        <member name="M:BMSTool.Forms.FromControlTemp.InitializeComponent">
            <summary>
            Required method for Designer support - do not modify
            the contents of this method with the code editor.
            </summary>
        </member>
        <member name="F:BMSTool.Forms.FromControlVol.components">
            <summary>
            Required designer variable.
            </summary>
        </member>
        <member name="M:BMSTool.Forms.FromControlVol.Dispose(System.Boolean)">
            <summary>
            Clean up any resources being used.
            </summary>
            <param name="disposing">true if managed resources should be disposed; otherwise, false.</param>
        </member>
        <member name="M:BMSTool.Forms.FromControlVol.InitializeComponent">
            <summary>
            Required method for Designer support - do not modify
            the contents of this method with the code editor.
            </summary>
        </member>
        <member name="F:BMSTool.Forms.BasicForm.components">
            <summary>
            Required designer variable.
            </summary>
        </member>
        <member name="M:BMSTool.Forms.BasicForm.Dispose(System.Boolean)">
            <summary>
            Clean up any resources being used.
            </summary>
            <param name="disposing">true if managed resources should be disposed; otherwise, false.</param>
        </member>
        <member name="M:BMSTool.Forms.BasicForm.InitializeComponent">
            <summary>
            Required method for Designer support - do not modify
            the contents of this method with the code editor.
            </summary>
        </member>
        <member name="F:BMSTool.Forms.Vol.components">
            <summary>
            Required designer variable.
            </summary>
        </member>
        <member name="M:BMSTool.Forms.Vol.Dispose(System.Boolean)">
            <summary>
            Clean up any resources being used.
            </summary>
            <param name="disposing">true if managed resources should be disposed; otherwise, false.</param>
        </member>
        <member name="M:BMSTool.Forms.Vol.InitializeComponent">
            <summary>
            Required method for Designer support - do not modify
            the contents of this method with the code editor.
            </summary>
        </member>
        <member name="F:BMSTool.Forms.SocSet.components">
            <summary>
            Required designer variable.
            </summary>
        </member>
        <member name="M:BMSTool.Forms.SocSet.Dispose(System.Boolean)">
            <summary>
            Clean up any resources being used.
            </summary>
            <param name="disposing">true if managed resources should be disposed; otherwise, false.</param>
        </member>
        <member name="M:BMSTool.Forms.SocSet.InitializeComponent">
            <summary>
            Required method for Designer support - do not modify
            the contents of this method with the code editor.
            </summary>
        </member>
        <member name="F:BMSTool.Forms.SohSet.components">
            <summary>
            Required designer variable.
            </summary>
        </member>
        <member name="M:BMSTool.Forms.SohSet.Dispose(System.Boolean)">
            <summary>
            Clean up any resources being used.
            </summary>
            <param name="disposing">true if managed resources should be disposed; otherwise, false.</param>
        </member>
        <member name="M:BMSTool.Forms.SohSet.InitializeComponent">
            <summary>
            Required method for Designer support - do not modify
            the contents of this method with the code editor.
            </summary>
        </member>
        <member name="F:BMSTool.BrowserForm.components">
            <summary>
            Required designer variable.
            </summary>
        </member>
        <member name="M:BMSTool.BrowserForm.Dispose(System.Boolean)">
            <summary>
            Clean up any resources being used.
            </summary>
            <param name="disposing">true if managed resources should be disposed; otherwise, false.</param>
        </member>
        <member name="M:BMSTool.BrowserForm.InitializeComponent">
            <summary>
            Required method for Designer support - do not modify
            the contents of this method with the code editor.
            </summary>
        </member>
        <member name="F:BMSTool.Comm.CanSet.components">
            <summary>
            Required designer variable.
            </summary>
        </member>
        <member name="M:BMSTool.Comm.CanSet.Dispose(System.Boolean)">
            <summary>
            Clean up any resources being used.
            </summary>
            <param name="disposing">true if managed resources should be disposed; otherwise, false.</param>
        </member>
        <member name="M:BMSTool.Comm.CanSet.InitializeComponent">
            <summary>
            Required method for Designer support - do not modify
            the contents of this method with the code editor.
            </summary>
        </member>
        <member name="F:BMSTool.Monitor.CanCommunication.components">
            <summary>
            Required designer variable.
            </summary>
        </member>
        <member name="M:BMSTool.Monitor.CanCommunication.Dispose(System.Boolean)">
            <summary>
            Clean up any resources being used.
            </summary>
            <param name="disposing">true if managed resources should be disposed; otherwise, false.</param>
        </member>
        <member name="M:BMSTool.Monitor.CanCommunication.InitializeComponent">
            <summary>
            Required method for Designer support - do not modify
            the contents of this method with the code editor.
            </summary>
        </member>
        <member name="F:BMSTool.MainForm.components">
            <summary>
            必需的设计器变量。
            </summary>
        </member>
        <member name="M:BMSTool.MainForm.Dispose(System.Boolean)">
            <summary>
            清理所有正在使用的资源。
            </summary>
            <param name="disposing">如果应释放托管资源，为 true；否则为 false。</param>
        </member>
        <member name="M:BMSTool.MainForm.InitializeComponent">
            <summary>
            设计器支持所需的方法 - 不要
            使用代码编辑器修改此方法的内容。
            </summary>
        </member>
        <member name="M:BMSTool.Program.Main">
            <summary>
            应用程序的主入口点。
            </summary>
        </member>
        <member name="T:BMSTool.Properties.Resources">
            <summary>
              一个强类型的资源类，用于查找本地化的字符串等。
            </summary>
        </member>
        <member name="P:BMSTool.Properties.Resources.ResourceManager">
            <summary>
              返回此类使用的缓存的 ResourceManager 实例。
            </summary>
        </member>
        <member name="P:BMSTool.Properties.Resources.Culture">
            <summary>
              使用此强类型资源类，为所有资源查找
              重写当前线程的 CurrentUICulture 属性。
            </summary>
        </member>
    </members>
</doc>
