﻿<?xml version="1.0" encoding="utf-8"?>
<system>
  <device name =" 一体机">
    <BatBox_cnt> 1</BatBox_cnt>
    <BatBoxIndex index ="0">
      <!--电压参数-->
        <Vol_BatGroup_Cnt > 3</Vol_BatGroup_Cnt >
        <Vol_BatGroup Index ="0"> 12 </Vol_BatGroup>
        <Vol_BatGroup  Index ="1"> 12 </Vol_BatGroup >
        <Vol_BatGroup  Index ="2"> 12 </Vol_BatGroup >
      <!--温度参数-->
        <Temp_BatGroup_Cnt >3</Temp_BatGroup_Cnt>
        <Temp_BatGroup Index ="0"> 8</Temp_BatGroup>
       <Temp_BatGroup Index ="1"> 8</Temp_BatGroup>
       <Temp_BatGroup Index ="2"> 8</Temp_BatGroup>
    </BatBoxIndex>
  </device> 
  
  <device name =" 物流车">
    <BatBox_cnt> 1</BatBox_cnt>
    <BatBoxIndex index ="0">
      <!--电压参数-->
      <Vol_BatGroup_Cnt > 2</Vol_BatGroup_Cnt >
      <Vol_BatGroup Index ="0">  7</Vol_BatGroup>
      <Vol_BatGroup  Index ="1"> 8 </Vol_BatGroup >
      <!--温度参数-->
      <Temp_BatGroup_Cnt >1</Temp_BatGroup_Cnt>
      <Temp_BatGroup Index ="0"> 4 </Temp_BatGroup>
    </BatBoxIndex>
  </device>
  
  <device name ="扬子江客车-10箱">
    <BatBox_cnt> 10</BatBox_cnt>
    <BatBoxIndex index ="0">
      <!--电压参数-->
      <Vol_BatGroup_Cnt > 3</Vol_BatGroup_Cnt >
      <Vol_BatGroup Index ="0"> 12 </Vol_BatGroup>
      <Vol_BatGroup  Index ="1"> 12 </Vol_BatGroup >
      <Vol_BatGroup  Index ="2"> 12</Vol_BatGroup >
      <!--温度参数-->
      <Temp_BatGroup_Cnt >1</Temp_BatGroup_Cnt>
      <Temp_BatGroup Index ="0">10 </Temp_BatGroup>
    </BatBoxIndex>
    <BatBoxIndex index ="1">
      <!--电压参数-->
      <Vol_BatGroup_Cnt > 3</Vol_BatGroup_Cnt >
      <Vol_BatGroup Index ="0"> 12 </Vol_BatGroup>
      <Vol_BatGroup  Index ="1"> 12 </Vol_BatGroup >
      <Vol_BatGroup  Index ="2"> 12</Vol_BatGroup >
      <!--温度参数-->
      <Temp_BatGroup_Cnt >1</Temp_BatGroup_Cnt>
      <Temp_BatGroup Index ="0"> 10 </Temp_BatGroup>
    </BatBoxIndex>
   <BatBoxIndex index ="2">
      <!--电压参数-->
      <Vol_BatGroup_Cnt > 3</Vol_BatGroup_Cnt >
      <Vol_BatGroup Index ="0"> 12 </Vol_BatGroup>
      <Vol_BatGroup  Index ="1"> 12 </Vol_BatGroup >
      <Vol_BatGroup  Index ="2"> 12</Vol_BatGroup >
      <!--温度参数-->
      <Temp_BatGroup_Cnt >1</Temp_BatGroup_Cnt>
      <Temp_BatGroup Index ="0"> 10 </Temp_BatGroup>
    </BatBoxIndex>
   <BatBoxIndex index ="3">
      <!--电压参数-->
      <Vol_BatGroup_Cnt > 3</Vol_BatGroup_Cnt >
      <Vol_BatGroup Index ="0"> 12 </Vol_BatGroup>
      <Vol_BatGroup  Index ="1"> 12 </Vol_BatGroup >
      <Vol_BatGroup  Index ="2"> 12</Vol_BatGroup >
      <!--温度参数-->
      <Temp_BatGroup_Cnt >1</Temp_BatGroup_Cnt>
      <Temp_BatGroup Index ="0"> 10 </Temp_BatGroup>
    </BatBoxIndex>
   <BatBoxIndex index ="4">
      <!--电压参数-->
      <Vol_BatGroup_Cnt > 3</Vol_BatGroup_Cnt >
      <Vol_BatGroup Index ="0"> 12 </Vol_BatGroup>
      <Vol_BatGroup  Index ="1"> 12 </Vol_BatGroup >
      <Vol_BatGroup  Index ="2"> 12</Vol_BatGroup >
      <!--温度参数-->
      <Temp_BatGroup_Cnt >1</Temp_BatGroup_Cnt>
      <Temp_BatGroup Index ="0"> 10 </Temp_BatGroup>
    </BatBoxIndex>
   <BatBoxIndex index ="5">
      <!--电压参数-->
      <Vol_BatGroup_Cnt > 3</Vol_BatGroup_Cnt >
      <Vol_BatGroup Index ="0"> 12 </Vol_BatGroup>
      <Vol_BatGroup  Index ="1"> 12 </Vol_BatGroup >
      <Vol_BatGroup  Index ="2"> 12</Vol_BatGroup >
      <!--温度参数-->
      <Temp_BatGroup_Cnt >1</Temp_BatGroup_Cnt>
      <Temp_BatGroup Index ="0"> 10 </Temp_BatGroup>
    </BatBoxIndex>
   <BatBoxIndex index ="6">
      <!--电压参数-->
      <Vol_BatGroup_Cnt > 3</Vol_BatGroup_Cnt >
      <Vol_BatGroup Index ="0"> 12 </Vol_BatGroup>
      <Vol_BatGroup  Index ="1"> 12 </Vol_BatGroup >
      <Vol_BatGroup  Index ="2"> 12</Vol_BatGroup >
      <!--温度参数-->
      <Temp_BatGroup_Cnt >1</Temp_BatGroup_Cnt>
      <Temp_BatGroup Index ="0"> 10 </Temp_BatGroup>
    </BatBoxIndex>
   <BatBoxIndex index ="7">
      <!--电压参数-->
      <Vol_BatGroup_Cnt > 3</Vol_BatGroup_Cnt >
      <Vol_BatGroup Index ="0"> 12 </Vol_BatGroup>
      <Vol_BatGroup  Index ="1"> 12 </Vol_BatGroup >
      <Vol_BatGroup  Index ="2"> 12</Vol_BatGroup >
      <!--温度参数-->
      <Temp_BatGroup_Cnt >1</Temp_BatGroup_Cnt>
      <Temp_BatGroup Index ="0"> 10 </Temp_BatGroup>
    </BatBoxIndex>
   <BatBoxIndex index ="8">
      <!--电压参数-->
      <Vol_BatGroup_Cnt > 3</Vol_BatGroup_Cnt >
      <Vol_BatGroup Index ="0"> 12 </Vol_BatGroup>
      <Vol_BatGroup  Index ="1"> 12 </Vol_BatGroup >
      <Vol_BatGroup  Index ="2"> 12</Vol_BatGroup >
      <!--温度参数-->
      <Temp_BatGroup_Cnt >1</Temp_BatGroup_Cnt>
      <Temp_BatGroup Index ="0"> 10 </Temp_BatGroup>
    </BatBoxIndex>
   <BatBoxIndex index ="9">
      <!--电压参数-->
      <Vol_BatGroup_Cnt > 3</Vol_BatGroup_Cnt >
      <Vol_BatGroup Index ="0"> 12 </Vol_BatGroup>
      <Vol_BatGroup  Index ="1"> 12 </Vol_BatGroup >
      <Vol_BatGroup  Index ="2"> 12</Vol_BatGroup >
      <!--温度参数-->
      <Temp_BatGroup_Cnt >1</Temp_BatGroup_Cnt>
      <Temp_BatGroup Index ="0"> 10 </Temp_BatGroup>
    </BatBoxIndex>
  </device>
  <device name ="扬子江客车-8箱">
    <BatBox_cnt> 8</BatBox_cnt>
    <BatBoxIndex index ="0">
      <!--电压参数-->
      <Vol_BatGroup_Cnt > 4</Vol_BatGroup_Cnt >
      <Vol_BatGroup Index ="0"> 10 </Vol_BatGroup>
      <Vol_BatGroup  Index ="1"> 10 </Vol_BatGroup >
      <Vol_BatGroup  Index ="2"> 12</Vol_BatGroup >
      <Vol_BatGroup  Index ="3"> 12</Vol_BatGroup >
      <!--温度参数-->
      <Temp_BatGroup_Cnt >1</Temp_BatGroup_Cnt>
      <Temp_BatGroup Index ="0">8 </Temp_BatGroup>
    </BatBoxIndex>
    <BatBoxIndex index ="1">
      <!--电压参数-->
      <Vol_BatGroup_Cnt > 4</Vol_BatGroup_Cnt >
      <Vol_BatGroup Index ="0"> 10 </Vol_BatGroup>
      <Vol_BatGroup  Index ="1"> 10 </Vol_BatGroup >
      <Vol_BatGroup  Index ="2"> 12</Vol_BatGroup >
      <Vol_BatGroup  Index ="3"> 12</Vol_BatGroup >
      <!--温度参数-->
      <Temp_BatGroup_Cnt >1</Temp_BatGroup_Cnt>
      <Temp_BatGroup Index ="0">8 </Temp_BatGroup>
    </BatBoxIndex>
    <BatBoxIndex index ="2">
      <!--电压参数-->
      <Vol_BatGroup_Cnt > 4</Vol_BatGroup_Cnt >
      <Vol_BatGroup Index ="0"> 10 </Vol_BatGroup>
      <Vol_BatGroup  Index ="1"> 10 </Vol_BatGroup >
      <Vol_BatGroup  Index ="2"> 12</Vol_BatGroup >
      <Vol_BatGroup  Index ="3"> 12</Vol_BatGroup >
      <!--温度参数-->
      <Temp_BatGroup_Cnt >1</Temp_BatGroup_Cnt>
      <Temp_BatGroup Index ="0">8 </Temp_BatGroup>
    </BatBoxIndex>
    <BatBoxIndex index ="3">
      <!--电压参数-->
      <Vol_BatGroup_Cnt > 4</Vol_BatGroup_Cnt >
      <Vol_BatGroup Index ="0"> 10 </Vol_BatGroup>
      <Vol_BatGroup  Index ="1"> 10 </Vol_BatGroup >
      <Vol_BatGroup  Index ="2"> 12</Vol_BatGroup >
      <Vol_BatGroup  Index ="3"> 12</Vol_BatGroup >
      <!--温度参数-->
      <Temp_BatGroup_Cnt >1</Temp_BatGroup_Cnt>
      <Temp_BatGroup Index ="0">8 </Temp_BatGroup>
    </BatBoxIndex>
    <BatBoxIndex index ="4">
      <!--电压参数-->
      <Vol_BatGroup_Cnt > 4</Vol_BatGroup_Cnt >
      <Vol_BatGroup Index ="0"> 10 </Vol_BatGroup>
      <Vol_BatGroup  Index ="1"> 10 </Vol_BatGroup >
      <Vol_BatGroup  Index ="2"> 12</Vol_BatGroup >
      <Vol_BatGroup  Index ="3"> 12</Vol_BatGroup >
      <!--温度参数-->
      <Temp_BatGroup_Cnt >1</Temp_BatGroup_Cnt>
      <Temp_BatGroup Index ="0">8 </Temp_BatGroup>
    </BatBoxIndex>
    <BatBoxIndex index ="5">
      <!--电压参数-->
      <Vol_BatGroup_Cnt > 4</Vol_BatGroup_Cnt >
      <Vol_BatGroup Index ="0"> 10 </Vol_BatGroup>
      <Vol_BatGroup  Index ="1"> 10 </Vol_BatGroup >
      <Vol_BatGroup  Index ="2"> 12</Vol_BatGroup >
      <Vol_BatGroup  Index ="3"> 12</Vol_BatGroup >
      <!--温度参数-->
      <Temp_BatGroup_Cnt >1</Temp_BatGroup_Cnt>
      <Temp_BatGroup Index ="0">8 </Temp_BatGroup>
    </BatBoxIndex>
    <BatBoxIndex index ="6">
      <!--电压参数-->
      <Vol_BatGroup_Cnt > 4</Vol_BatGroup_Cnt >
      <Vol_BatGroup Index ="0"> 10 </Vol_BatGroup>
      <Vol_BatGroup  Index ="1"> 10 </Vol_BatGroup >
      <Vol_BatGroup  Index ="2"> 12</Vol_BatGroup >
      <Vol_BatGroup  Index ="3"> 12</Vol_BatGroup >
      <!--温度参数-->
      <Temp_BatGroup_Cnt >1</Temp_BatGroup_Cnt>
      <Temp_BatGroup Index ="0">8 </Temp_BatGroup>
    </BatBoxIndex>
    <BatBoxIndex index ="7">
      <!--电压参数-->
      <Vol_BatGroup_Cnt > 4</Vol_BatGroup_Cnt >
      <Vol_BatGroup Index ="0"> 10 </Vol_BatGroup>
      <Vol_BatGroup  Index ="1"> 10 </Vol_BatGroup >
      <Vol_BatGroup  Index ="2"> 12</Vol_BatGroup >
      <Vol_BatGroup  Index ="3"> 12</Vol_BatGroup >
      <!--温度参数-->
      <Temp_BatGroup_Cnt >1</Temp_BatGroup_Cnt>
      <Temp_BatGroup Index ="0">8 </Temp_BatGroup>
    </BatBoxIndex>
  </device>
  <device name ="大巴车-10M">
    <BatBox_cnt> 5</BatBox_cnt>
    <BatBoxIndex index ="0">
      <!--电压参数-->
      <Vol_BatGroup_Cnt > 3</Vol_BatGroup_Cnt >
      <Vol_BatGroup Index ="0"> 12 </Vol_BatGroup>
      <Vol_BatGroup  Index ="1"> 12 </Vol_BatGroup >
      <Vol_BatGroup  Index ="2"> 12</Vol_BatGroup >
      <!--温度参数-->
      <Temp_BatGroup_Cnt >1</Temp_BatGroup_Cnt>
      <Temp_BatGroup Index ="0">6 </Temp_BatGroup>
    </BatBoxIndex>
    <BatBoxIndex index ="1">
      <!--电压参数-->
      <Vol_BatGroup_Cnt > 3</Vol_BatGroup_Cnt >
      <Vol_BatGroup Index ="0"> 12 </Vol_BatGroup>
      <Vol_BatGroup  Index ="1"> 12 </Vol_BatGroup >
      <Vol_BatGroup  Index ="2"> 12</Vol_BatGroup >
      <!--温度参数-->
      <Temp_BatGroup_Cnt >1</Temp_BatGroup_Cnt>
      <Temp_BatGroup Index ="0"> 6 </Temp_BatGroup>
    </BatBoxIndex>
    <BatBoxIndex index ="2">
      <!--电压参数-->
      <Vol_BatGroup_Cnt > 3</Vol_BatGroup_Cnt >
      <Vol_BatGroup Index ="0"> 12 </Vol_BatGroup>
      <Vol_BatGroup  Index ="1"> 12 </Vol_BatGroup >
      <Vol_BatGroup  Index ="2"> 12</Vol_BatGroup >
      <!--温度参数-->
      <Temp_BatGroup_Cnt >1</Temp_BatGroup_Cnt>
      <Temp_BatGroup Index ="0"> 6 </Temp_BatGroup>
    </BatBoxIndex>
    <BatBoxIndex index ="3">
      <!--电压参数-->
      <Vol_BatGroup_Cnt > 3</Vol_BatGroup_Cnt >
      <Vol_BatGroup Index ="0"> 12 </Vol_BatGroup>
      <Vol_BatGroup  Index ="1"> 12 </Vol_BatGroup >
      <Vol_BatGroup  Index ="2"> 12</Vol_BatGroup >
      <!--温度参数-->
      <Temp_BatGroup_Cnt >1</Temp_BatGroup_Cnt>
      <Temp_BatGroup Index ="0"> 6 </Temp_BatGroup>
    </BatBoxIndex>
    <BatBoxIndex index ="4">
      <!--电压参数-->
      <Vol_BatGroup_Cnt > 3</Vol_BatGroup_Cnt >
      <Vol_BatGroup Index ="0"> 12 </Vol_BatGroup>
      <Vol_BatGroup  Index ="1"> 12 </Vol_BatGroup >
      <Vol_BatGroup  Index ="2"> 12</Vol_BatGroup >
      <!--温度参数-->
      <Temp_BatGroup_Cnt >1</Temp_BatGroup_Cnt>
      <Temp_BatGroup Index ="0"> 6 </Temp_BatGroup>
    </BatBoxIndex>
  </device>
  <device name ="大巴车-8.3M">
    <BatBox_cnt> 5</BatBox_cnt>
    <BatBoxIndex index ="0">
      <!--电压参数-->
      <Vol_BatGroup_Cnt > 3</Vol_BatGroup_Cnt >
      <Vol_BatGroup Index ="0"> 11 </Vol_BatGroup>
      <Vol_BatGroup  Index ="1"> 11 </Vol_BatGroup >
      <Vol_BatGroup  Index ="2"> 11</Vol_BatGroup >
      <!--温度参数-->
      <Temp_BatGroup_Cnt >1</Temp_BatGroup_Cnt>
      <Temp_BatGroup Index ="0">6 </Temp_BatGroup>
    </BatBoxIndex>
    <BatBoxIndex index ="1">
      <!--电压参数-->
      <Vol_BatGroup_Cnt > 3</Vol_BatGroup_Cnt >
      <Vol_BatGroup Index ="0"> 11 </Vol_BatGroup>
      <Vol_BatGroup  Index ="1"> 11 </Vol_BatGroup >
      <Vol_BatGroup  Index ="2"> 11</Vol_BatGroup >
      <!--温度参数-->
      <Temp_BatGroup_Cnt >1</Temp_BatGroup_Cnt>
      <Temp_BatGroup Index ="0"> 6 </Temp_BatGroup>
    </BatBoxIndex>
    <BatBoxIndex index ="2">
      <!--电压参数-->
      <Vol_BatGroup_Cnt > 3</Vol_BatGroup_Cnt >
      <Vol_BatGroup Index ="0"> 11 </Vol_BatGroup>
      <Vol_BatGroup  Index ="1"> 11 </Vol_BatGroup >
      <Vol_BatGroup  Index ="2"> 11</Vol_BatGroup >
      <!--温度参数-->
      <Temp_BatGroup_Cnt >1</Temp_BatGroup_Cnt>
      <Temp_BatGroup Index ="0"> 6 </Temp_BatGroup>
    </BatBoxIndex>
    <BatBoxIndex index ="3">
      <!--电压参数-->
      <Vol_BatGroup_Cnt > 3</Vol_BatGroup_Cnt >
      <Vol_BatGroup Index ="0"> 11 </Vol_BatGroup>
      <Vol_BatGroup  Index ="1"> 11 </Vol_BatGroup >
      <Vol_BatGroup  Index ="2"> 11</Vol_BatGroup >
      <!--温度参数-->
      <Temp_BatGroup_Cnt >1</Temp_BatGroup_Cnt>
      <Temp_BatGroup Index ="0"> 6 </Temp_BatGroup>
    </BatBoxIndex>
    <BatBoxIndex index ="4">
      <!--电压参数-->
      <Vol_BatGroup_Cnt > 3</Vol_BatGroup_Cnt >
      <Vol_BatGroup Index ="0"> 11 </Vol_BatGroup>
      <Vol_BatGroup  Index ="1"> 11 </Vol_BatGroup >
      <Vol_BatGroup  Index ="2"> 11</Vol_BatGroup >
      <!--温度参数-->
      <Temp_BatGroup_Cnt >1</Temp_BatGroup_Cnt>
      <Temp_BatGroup Index ="0"> 6 </Temp_BatGroup>
    </BatBoxIndex>
  </device>
</system>
