保护,0000000000,0000
保护,1201010106,0306
保护,120101003B,0106
保护,120101003B,0109
保护,0000000000,0000
保护,120101003B,2012
保护,0000000000,0000
保护,0000000000,0000
保护,0000000000,0000
保护,0000000000,0000
保护,1201010106,1029
保护,0000000000,0000
保护,0000000000,0000
保护,0000000000,0000
故障,0000000000,0000
保护,0000000000,0000
保护,0000000000,0000
保护,1201010106,0306
保护,120101003B,0106
保护,120101003B,0109
保护,0000000000,0000
保护,120101003B,2012
保护,0000000000,0000
保护,0000000000,0000
保护,0000000000,0000
保护,0000000000,0000
保护,1201010106,1029
保护,0000000000,0000
保护,0000000000,0000
保护,0000000000,0000
故障,0000000000,0000
保护,0000000000,0000
保护,0000000000,0000
保护,1201010106,0306
保护,120101003B,0106
保护,120101003B,0109
保护,0000000000,0000
保护,120101003B,2012
保护,0000000000,0000
保护,0000000000,0000
保护,0000000000,0000
保护,0000000000,0000
保护,1201010106,1029
保护,0000000000,0000
保护,0000000000,0000
保护,0000000000,0000
故障,0000000000,0000
保护,0000000000,0000
保护,0000000000,0000
保护,1201010106,0306
保护,120101003B,0106
保护,120101003B,0109
保护,0000000000,0000
保护,120101003B,2012
保护,0000000000,0000
保护,0000000000,0000
保护,0000000000,0000
保护,0000000000,0000
保护,1201010106,1029
保护,0000000000,0000
保护,0000000000,0000
保护,0000000000,0000
故障,0000000000,0000
保护,0000000000,0000
