﻿<?xml version="1.0" encoding="utf-8"?>
<?xml-stylesheet type="text/xsl" href="c:\program files (x86)\microsoft visual studio\2017\community\team tools\static analysis tools\fxcop\Xml\CodeAnalysisReport.xsl"?>
<FxCopReport Version="15.0">
 <Targets>
  <Target Name="C:\Users\m\Desktop\BMS上位机(正在开发)\BMSTool20181224pm2\BMSTool\bin\x86\Release\Battery Control Center.exe">
   <Modules>
    <Module Name="battery control center.exe">
     <Namespaces>
      <Namespace Name="BMSTool">
       <Types>
        <Type Name="MainForm" Kind="Class" Accessibility="Public" ExternallyVisible="True">
         <Members>
          <Member Name="#GetAsyncKeyState(System.Int32)" Kind="Method" Static="True" Accessibility="Private" ExternallyVisible="False">
           <Messages>
            <Message TypeName="MovePInvokesToNativeMethodsClass" Category="Microsoft.Design" CheckId="CA1060" Status="Active" Created="2018-12-28 06:45:45Z" FixCategory="Breaking">
             <Issue Certainty="95" Level="CriticalWarning">由于是 P/Invoke 方法，因此，应在名为 NativeMethods、SafeNativeMethods 或 UnsafeNativeMethods 的类中定义 'MainForm.GetAsyncKeyState(int)'。</Issue>
            </Message>
            <Message Id="return" TypeName="PInvokeDeclarationsShouldBePortable" Category="Microsoft.Portability" CheckId="CA1901" Status="Active" Created="2018-12-28 06:45:45Z" FixCategory="NonBreaking">
             <Issue Name="Return" Certainty="95" Level="Error">如代码中所声明的，P/Invoke 'MainForm.GetAsyncKeyState(int)' 的返回类型在 32 位 平台上的字节宽度将为 4。这是不正确的，因为此 API 的实际本机声明表明该返回类型在 32 位 平台上的字节宽度应为 2。请参考 MSDN Platform SDK 文档来获取帮助，确定应使用哪种数据类型来代替 'int'。</Issue>
             <Issue Name="Return" Certainty="95" Level="Error">如代码中所声明的，P/Invoke 'MainForm.GetAsyncKeyState(int)' 的返回类型在 64 位 平台上的字节宽度将为 4。这是不正确的，因为此 API 的实际本机声明表明该返回类型在 64 位 平台上的字节宽度应为 2。请参考 MSDN Platform SDK 文档来获取帮助，确定应使用哪种数据类型来代替 'int'。</Issue>
            </Message>
           </Messages>
          </Member>
         </Members>
        </Type>
        <Type Name="Reader" Kind="Class" Accessibility="Assembly" ExternallyVisible="False">
         <Members>
          <Member Name="#ReadandMatch(System.String,BMSTool.FeatureValue)" Kind="Method" Static="False" Accessibility="Public" ExternallyVisible="False">
           <Messages>
            <Message TypeName="不要多次释放对象" Category="Microsoft.Usage" CheckId="CA2202" Status="Active" Created="2018-12-28 06:45:45Z" FixCategory="DependsOnFix">
             <Issue Certainty="75" Level="Warning" Path="C:\Users\m\Desktop\BMS上位机(正在开发)\BMSTool20181224pm2\BMSTool" File="Program.cs" Line="61">可以在方法 'Reader.ReadandMatch(string, FeatureValue)' 中多次释放对象 'fs'。若要避免生成 System.ObjectDisposedException，不应对一个对象多次调用 Dispose。: Lines: 61</Issue>
            </Message>
           </Messages>
          </Member>
         </Members>
        </Type>
        <Type Name="Writer" Kind="Class" Accessibility="Assembly" ExternallyVisible="False">
         <Members>
          <Member Name="#WriteLine(System.String,BMSTool.FeatureValue)" Kind="Method" Static="False" Accessibility="Public" ExternallyVisible="False">
           <Messages>
            <Message TypeName="不要多次释放对象" Category="Microsoft.Usage" CheckId="CA2202" Status="Active" Created="2018-12-28 06:45:45Z" FixCategory="DependsOnFix">
             <Issue Certainty="75" Level="Warning" Path="C:\Users\m\Desktop\BMS上位机(正在开发)\BMSTool20181224pm2\BMSTool" File="Program.cs" Line="178">可以在方法 'Writer.WriteLine(string, FeatureValue)' 中多次释放对象 'wfs'。若要避免生成 System.ObjectDisposedException，不应对一个对象多次调用 Dispose。: Lines: 178</Issue>
            </Message>
           </Messages>
          </Member>
         </Members>
        </Type>
       </Types>
      </Namespace>
      <Namespace Name="BMSTool.Comm">
       <Types>
        <Type Name="CanComm_II" Kind="Class" Accessibility="Public" ExternallyVisible="True">
         <Members>
          <Member Name="#VCI_ClearBuffer(System.UInt32,System.UInt32,System.UInt32)" Kind="Method" Static="True" Accessibility="Private" ExternallyVisible="False">
           <Messages>
            <Message TypeName="MovePInvokesToNativeMethodsClass" Category="Microsoft.Design" CheckId="CA1060" Status="Active" Created="2018-12-28 06:45:45Z" FixCategory="Breaking">
             <Issue Certainty="95" Level="CriticalWarning">由于是 P/Invoke 方法，因此，应在名为 NativeMethods、SafeNativeMethods 或 UnsafeNativeMethods 的类中定义 'CanComm_II.VCI_ClearBuffer(uint, uint, uint)'。</Issue>
            </Message>
           </Messages>
          </Member>
          <Member Name="#VCI_CloseDevice(System.UInt32,System.UInt32)" Kind="Method" Static="True" Accessibility="Private" ExternallyVisible="False">
           <Messages>
            <Message TypeName="MovePInvokesToNativeMethodsClass" Category="Microsoft.Design" CheckId="CA1060" Status="Active" Created="2018-12-28 06:45:45Z" FixCategory="Breaking">
             <Issue Certainty="95" Level="CriticalWarning">由于是 P/Invoke 方法，因此，应在名为 NativeMethods、SafeNativeMethods 或 UnsafeNativeMethods 的类中定义 'CanComm_II.VCI_CloseDevice(uint, uint)'。</Issue>
            </Message>
           </Messages>
          </Member>
          <Member Name="#VCI_ConnectDevice(System.UInt32,System.UInt32)" Kind="Method" Static="True" Accessibility="Private" ExternallyVisible="False">
           <Messages>
            <Message TypeName="MovePInvokesToNativeMethodsClass" Category="Microsoft.Design" CheckId="CA1060" Status="Active" Created="2018-12-28 06:45:45Z" FixCategory="Breaking">
             <Issue Certainty="95" Level="CriticalWarning">由于是 P/Invoke 方法，因此，应在名为 NativeMethods、SafeNativeMethods 或 UnsafeNativeMethods 的类中定义 'CanComm_II.VCI_ConnectDevice(uint, uint)'。</Issue>
            </Message>
           </Messages>
          </Member>
          <Member Name="#VCI_FindUsbDevice(BMSTool.Comm.CanComm_II+VCI_BOARD_INFO1&amp;)" Kind="Method" Static="True" Accessibility="Private" ExternallyVisible="False">
           <Messages>
            <Message TypeName="MovePInvokesToNativeMethodsClass" Category="Microsoft.Design" CheckId="CA1060" Status="Active" Created="2018-12-28 06:45:45Z" FixCategory="Breaking">
             <Issue Certainty="95" Level="CriticalWarning">由于是 P/Invoke 方法，因此，应在名为 NativeMethods、SafeNativeMethods 或 UnsafeNativeMethods 的类中定义 'CanComm_II.VCI_FindUsbDevice(ref CanComm_II.VCI_BOARD_INFO1)'。</Issue>
            </Message>
           </Messages>
          </Member>
          <Member Name="#VCI_GetReceiveNum(System.UInt32,System.UInt32,System.UInt32)" Kind="Method" Static="True" Accessibility="Private" ExternallyVisible="False">
           <Messages>
            <Message TypeName="MovePInvokesToNativeMethodsClass" Category="Microsoft.Design" CheckId="CA1060" Status="Active" Created="2018-12-28 06:45:45Z" FixCategory="Breaking">
             <Issue Certainty="95" Level="CriticalWarning">由于是 P/Invoke 方法，因此，应在名为 NativeMethods、SafeNativeMethods 或 UnsafeNativeMethods 的类中定义 'CanComm_II.VCI_GetReceiveNum(uint, uint, uint)'。</Issue>
            </Message>
           </Messages>
          </Member>
          <Member Name="#VCI_GetReference(System.UInt32,System.UInt32,System.UInt32,System.UInt32,System.Byte&amp;)" Kind="Method" Static="True" Accessibility="Private" ExternallyVisible="False">
           <Messages>
            <Message TypeName="MovePInvokesToNativeMethodsClass" Category="Microsoft.Design" CheckId="CA1060" Status="Active" Created="2018-12-28 06:45:45Z" FixCategory="Breaking">
             <Issue Certainty="95" Level="CriticalWarning">由于是 P/Invoke 方法，因此，应在名为 NativeMethods、SafeNativeMethods 或 UnsafeNativeMethods 的类中定义 'CanComm_II.VCI_GetReference(uint, uint, uint, uint, ref byte)'。</Issue>
            </Message>
           </Messages>
          </Member>
          <Member Name="#VCI_InitCAN(System.UInt32,System.UInt32,System.UInt32,BMSTool.Comm.CanComm_II+VCI_INIT_CONFIG&amp;)" Kind="Method" Static="True" Accessibility="Private" ExternallyVisible="False">
           <Messages>
            <Message TypeName="MovePInvokesToNativeMethodsClass" Category="Microsoft.Design" CheckId="CA1060" Status="Active" Created="2018-12-28 06:45:45Z" FixCategory="Breaking">
             <Issue Certainty="95" Level="CriticalWarning">由于是 P/Invoke 方法，因此，应在名为 NativeMethods、SafeNativeMethods 或 UnsafeNativeMethods 的类中定义 'CanComm_II.VCI_InitCAN(uint, uint, uint, ref CanComm_II.VCI_INIT_CONFIG)'。</Issue>
            </Message>
           </Messages>
          </Member>
          <Member Name="#VCI_OpenDevice(System.UInt32,System.UInt32,System.UInt32)" Kind="Method" Static="True" Accessibility="Private" ExternallyVisible="False">
           <Messages>
            <Message TypeName="MovePInvokesToNativeMethodsClass" Category="Microsoft.Design" CheckId="CA1060" Status="Active" Created="2018-12-28 06:45:45Z" FixCategory="Breaking">
             <Issue Certainty="95" Level="CriticalWarning">由于是 P/Invoke 方法，因此，应在名为 NativeMethods、SafeNativeMethods 或 UnsafeNativeMethods 的类中定义 'CanComm_II.VCI_OpenDevice(uint, uint, uint)'。</Issue>
            </Message>
           </Messages>
          </Member>
          <Member Name="#VCI_ReadBoardInfo(System.UInt32,System.UInt32,BMSTool.Comm.CanComm_II+VCI_BOARD_INFO&amp;)" Kind="Method" Static="True" Accessibility="Private" ExternallyVisible="False">
           <Messages>
            <Message TypeName="MovePInvokesToNativeMethodsClass" Category="Microsoft.Design" CheckId="CA1060" Status="Active" Created="2018-12-28 06:45:45Z" FixCategory="Breaking">
             <Issue Certainty="95" Level="CriticalWarning">由于是 P/Invoke 方法，因此，应在名为 NativeMethods、SafeNativeMethods 或 UnsafeNativeMethods 的类中定义 'CanComm_II.VCI_ReadBoardInfo(uint, uint, ref CanComm_II.VCI_BOARD_INFO)'。</Issue>
            </Message>
           </Messages>
          </Member>
          <Member Name="#VCI_ReadCANStatus(System.UInt32,System.UInt32,System.UInt32,BMSTool.Comm.CanComm_II+VCI_CAN_STATUS&amp;)" Kind="Method" Static="True" Accessibility="Private" ExternallyVisible="False">
           <Messages>
            <Message TypeName="MovePInvokesToNativeMethodsClass" Category="Microsoft.Design" CheckId="CA1060" Status="Active" Created="2018-12-28 06:45:45Z" FixCategory="Breaking">
             <Issue Certainty="95" Level="CriticalWarning">由于是 P/Invoke 方法，因此，应在名为 NativeMethods、SafeNativeMethods 或 UnsafeNativeMethods 的类中定义 'CanComm_II.VCI_ReadCANStatus(uint, uint, uint, ref CanComm_II.VCI_CAN_STATUS)'。</Issue>
            </Message>
           </Messages>
          </Member>
          <Member Name="#VCI_Receive(System.UInt32,System.UInt32,System.UInt32,BMSTool.Comm.CanComm_II+VCI_CAN_OBJ&amp;,System.UInt32,System.Int32)" Kind="Method" Static="True" Accessibility="Private" ExternallyVisible="False">
           <Messages>
            <Message TypeName="MovePInvokesToNativeMethodsClass" Category="Microsoft.Design" CheckId="CA1060" Status="Active" Created="2018-12-28 06:45:45Z" FixCategory="Breaking">
             <Issue Certainty="95" Level="CriticalWarning">由于是 P/Invoke 方法，因此，应在名为 NativeMethods、SafeNativeMethods 或 UnsafeNativeMethods 的类中定义 'CanComm_II.VCI_Receive(uint, uint, uint, ref CanComm_II.VCI_CAN_OBJ, uint, int)'。</Issue>
            </Message>
           </Messages>
          </Member>
          <Member Name="#VCI_ResetCAN(System.UInt32,System.UInt32,System.UInt32)" Kind="Method" Static="True" Accessibility="Private" ExternallyVisible="False">
           <Messages>
            <Message TypeName="MovePInvokesToNativeMethodsClass" Category="Microsoft.Design" CheckId="CA1060" Status="Active" Created="2018-12-28 06:45:45Z" FixCategory="Breaking">
             <Issue Certainty="95" Level="CriticalWarning">由于是 P/Invoke 方法，因此，应在名为 NativeMethods、SafeNativeMethods 或 UnsafeNativeMethods 的类中定义 'CanComm_II.VCI_ResetCAN(uint, uint, uint)'。</Issue>
            </Message>
           </Messages>
          </Member>
          <Member Name="#VCI_ResumeConfig(System.UInt32,System.UInt32,System.UInt32)" Kind="Method" Static="True" Accessibility="Private" ExternallyVisible="False">
           <Messages>
            <Message TypeName="MovePInvokesToNativeMethodsClass" Category="Microsoft.Design" CheckId="CA1060" Status="Active" Created="2018-12-28 06:45:45Z" FixCategory="Breaking">
             <Issue Certainty="95" Level="CriticalWarning">由于是 P/Invoke 方法，因此，应在名为 NativeMethods、SafeNativeMethods 或 UnsafeNativeMethods 的类中定义 'CanComm_II.VCI_ResumeConfig(uint, uint, uint)'。</Issue>
            </Message>
           </Messages>
          </Member>
          <Member Name="#VCI_SetReference(System.UInt32,System.UInt32,System.UInt32,System.UInt32,System.Byte*)" Kind="Method" Static="True" Accessibility="Private" ExternallyVisible="False">
           <Messages>
            <Message TypeName="MovePInvokesToNativeMethodsClass" Category="Microsoft.Design" CheckId="CA1060" Status="Active" Created="2018-12-28 06:45:45Z" FixCategory="Breaking">
             <Issue Certainty="95" Level="CriticalWarning">由于是 P/Invoke 方法，因此，应在名为 NativeMethods、SafeNativeMethods 或 UnsafeNativeMethods 的类中定义 'CanComm_II.VCI_SetReference(uint, uint, uint, uint, byte*)'。</Issue>
            </Message>
           </Messages>
          </Member>
          <Member Name="#VCI_SetReference2(System.UInt32,System.UInt32,System.UInt32,System.UInt32,System.Byte&amp;)" Kind="Method" Static="True" Accessibility="Private" ExternallyVisible="False">
           <Messages>
            <Message TypeName="MovePInvokesToNativeMethodsClass" Category="Microsoft.Design" CheckId="CA1060" Status="Active" Created="2018-12-28 06:45:45Z" FixCategory="Breaking">
             <Issue Certainty="95" Level="CriticalWarning">由于是 P/Invoke 方法，因此，应在名为 NativeMethods、SafeNativeMethods 或 UnsafeNativeMethods 的类中定义 'CanComm_II.VCI_SetReference2(uint, uint, uint, uint, ref byte)'。</Issue>
            </Message>
           </Messages>
          </Member>
          <Member Name="#VCI_StartCAN(System.UInt32,System.UInt32,System.UInt32)" Kind="Method" Static="True" Accessibility="Private" ExternallyVisible="False">
           <Messages>
            <Message TypeName="MovePInvokesToNativeMethodsClass" Category="Microsoft.Design" CheckId="CA1060" Status="Active" Created="2018-12-28 06:45:45Z" FixCategory="Breaking">
             <Issue Certainty="95" Level="CriticalWarning">由于是 P/Invoke 方法，因此，应在名为 NativeMethods、SafeNativeMethods 或 UnsafeNativeMethods 的类中定义 'CanComm_II.VCI_StartCAN(uint, uint, uint)'。</Issue>
            </Message>
           </Messages>
          </Member>
          <Member Name="#VCI_Transmit(System.UInt32,System.UInt32,System.UInt32,BMSTool.Comm.CanComm_II+VCI_CAN_OBJ&amp;,System.UInt32)" Kind="Method" Static="True" Accessibility="Private" ExternallyVisible="False">
           <Messages>
            <Message TypeName="MovePInvokesToNativeMethodsClass" Category="Microsoft.Design" CheckId="CA1060" Status="Active" Created="2018-12-28 06:45:45Z" FixCategory="Breaking">
             <Issue Certainty="95" Level="CriticalWarning">由于是 P/Invoke 方法，因此，应在名为 NativeMethods、SafeNativeMethods 或 UnsafeNativeMethods 的类中定义 'CanComm_II.VCI_Transmit(uint, uint, uint, ref CanComm_II.VCI_CAN_OBJ, uint)'。</Issue>
            </Message>
           </Messages>
          </Member>
          <Member Name="#VCI_UsbDeviceReset(System.UInt32,System.UInt32,System.UInt32)" Kind="Method" Static="True" Accessibility="Private" ExternallyVisible="False">
           <Messages>
            <Message TypeName="MovePInvokesToNativeMethodsClass" Category="Microsoft.Design" CheckId="CA1060" Status="Active" Created="2018-12-28 06:45:45Z" FixCategory="Breaking">
             <Issue Certainty="95" Level="CriticalWarning">由于是 P/Invoke 方法，因此，应在名为 NativeMethods、SafeNativeMethods 或 UnsafeNativeMethods 的类中定义 'CanComm_II.VCI_UsbDeviceReset(uint, uint, uint)'。</Issue>
            </Message>
           </Messages>
          </Member>
         </Members>
        </Type>
       </Types>
      </Namespace>
      <Namespace Name="BMSTool.Forms">
       <Types>
        <Type Name="BasicForm" Kind="Class" Accessibility="Public" ExternallyVisible="True">
         <Members>
          <Member Name="#Dispose(System.Boolean)" Kind="Method" Static="False" Accessibility="Family" ExternallyVisible="True">
           <Messages>
            <Message Id="components" TypeName="DisposableFieldsShouldBeDisposed" Category="Microsoft.Usage" CheckId="CA2213" Status="Active" Created="2018-12-28 06:45:45Z" FixCategory="NonBreaking">
             <Issue Certainty="75" Level="Warning" Path="C:\Users\m\Desktop\BMS上位机(正在开发)\BMSTool20181224pm2\BMSTool\Forms" File="BasicForm.designer.cs" Line="15">'BasicForm' 包含 IDisposable 类型的字段 'BasicForm.components': 'IContainer'。请更改 'BasicForm' 的 Dispose 方法，使其针对该字段调用 Dispose 或 Close。</Issue>
            </Message>
           </Messages>
          </Member>
         </Members>
        </Type>
       </Types>
      </Namespace>
      <Namespace Name="BMSTool.Monitor">
       <Types>
        <Type Name="CanCommunication" Kind="Class" Accessibility="Public" ExternallyVisible="True">
         <Members>
          <Member Name="#Dispose(System.Boolean)" Kind="Method" Static="False" Accessibility="Family" ExternallyVisible="True">
           <Messages>
            <Message Id="components" TypeName="DisposableFieldsShouldBeDisposed" Category="Microsoft.Usage" CheckId="CA2213" Status="Active" Created="2018-12-28 06:45:45Z" FixCategory="NonBreaking">
             <Issue Certainty="75" Level="Warning" Path="C:\Users\m\Desktop\BMS上位机(正在开发)\BMSTool20181224pm2\BMSTool\Comm" File="CanCommunication.designer.cs" Line="15">'CanCommunication' 包含 IDisposable 类型的字段 'CanCommunication.components': 'IContainer'。请更改 'CanCommunication' 的 Dispose 方法，使其针对该字段调用 Dispose 或 Close。</Issue>
            </Message>
           </Messages>
          </Member>
         </Members>
        </Type>
       </Types>
      </Namespace>
      <Namespace Name="BMSTool.OtherClass">
       <Types>
        <Type Name="CheckIsSet" Kind="Class" Accessibility="Public" ExternallyVisible="True">
         <Messages>
          <Message TypeName="TypesThatOwnDisposableFieldsShouldBeDisposable" Category="Microsoft.Design" CheckId="CA1001" Status="Active" Created="2018-12-28 06:45:45Z" FixCategory="DependsOnFix">
           <Issue Name="DependsOnFix" Certainty="95" Level="CriticalError">在 'CheckIsSet' 上实现 IDisposable，因为它创建下列 IDisposable 类型的成员: 'Timer'。如果以前提供过 'CheckIsSet'，对于现有使用者来说，向此类型添加用于实现 IDisposable 的新成员属于重大更改。</Issue>
          </Message>
         </Messages>
        </Type>
       </Types>
      </Namespace>
      <Namespace Name="BMSTool.Properties">
       <Types>
        <Type Name="Resources" Kind="Class" Accessibility="Assembly" ExternallyVisible="False">
         <Members>
          <Member Name="#.ctor()" Kind="Method" Static="False" Accessibility="Assembly" ExternallyVisible="False">
           <Messages>
            <Message TypeName="AvoidUncalledPrivateCode" Category="Microsoft.Performance" CheckId="CA1811" Status="ExcludedInSource" Created="2018-12-28 06:45:45Z" FixCategory="NonBreaking" LastSeen="0001-01-01 00:00:00Z" />
           </Messages>
          </Member>
         </Members>
        </Type>
       </Types>
      </Namespace>
     </Namespaces>
    </Module>
   </Modules>
  </Target>
 </Targets>
 <Rules>
  <Rule TypeName="AvoidUncalledPrivateCode" Category="Microsoft.Performance" CheckId="CA1811">
   <Name>避免使用未调用的私有代码</Name>
   <Description>存在对外部不可见的未调用代码，该代码不是已知的运行时入口点。如果错误地引发此冲突，请向 Visual Studio 代码分析团队发送问题报告。</Description>
   <Owner />
   <Url>http://msdn.microsoft.com/library/ms182264.aspx</Url>
   <Email>[none]</Email>
   <MessageLevel Certainty="75">Warning</MessageLevel>
   <File Name="performancerules.dll" Version="15.0.0.0" />
  </Rule>
  <Rule TypeName="DisposableFieldsShouldBeDisposed" Category="Microsoft.Usage" CheckId="CA2213">
   <Name>应释放可释放的字段</Name>
   <Description>如果实现了 IDisposable 的类型拥有同样实现 IDisposable 的字段，则封装类型的 Dispose() 实现应对每个可释放字段调用 Dispose()。</Description>
   <Resolution Name="Default">{0} 包含 IDisposable 类型的字段 {1}: {2}。请更改 {0} 的 Dispose 方法，使其针对该字段调用 Dispose 或 Close。</Resolution>
   <Owner />
   <Url>http://msdn.microsoft.com/library/ms182328.aspx</Url>
   <Email>[none]</Email>
   <MessageLevel Certainty="75">Warning</MessageLevel>
   <File Name="usagerules.dll" Version="15.0.0.0" />
  </Rule>
  <Rule TypeName="MovePInvokesToNativeMethodsClass" Category="Microsoft.Design" CheckId="CA1060">
   <Name>将 P/Invoke 移动到 NativeMethods 类</Name>
   <Description>此类型包含具有 DllImport 特性的成员。具有 DllImport 特性的成员应包含在名为 NativeMethods、SafeNativeMethods 或 UnsafeNativeMethods 的类中。</Description>
   <Resolution Name="Default">由于是 P/Invoke 方法，因此，应在名为 NativeMethods、SafeNativeMethods 或 UnsafeNativeMethods 的类中定义 {0}。</Resolution>
   <Owner />
   <Url>http://msdn.microsoft.com/library/ms182161.aspx</Url>
   <Email>[none]</Email>
   <MessageLevel Certainty="95">CriticalWarning</MessageLevel>
   <File Name="designrules.dll" Version="15.0.0.0" />
  </Rule>
  <Rule TypeName="PInvokeDeclarationsShouldBePortable" Category="Microsoft.Portability" CheckId="CA1901">
   <Name>P/Invoke 声明应为可移植声明</Name>
   <Description>.</Description>
   <Resolution Name="Return">如代码中所声明的，P/Invoke {0} 的返回类型在 {2} 平台上的字节宽度将为 {1}。这是不正确的，因为此 API 的实际本机声明表明该返回类型在 {2} 平台上的字节宽度应为 {3}。请参考 MSDN Platform SDK 文档来获取帮助，确定应使用哪种数据类型来代替 {4}。</Resolution>
   <Owner />
   <Url>http://msdn.microsoft.com/library/ms182284(VS.100).aspx</Url>
   <Email>[none]</Email>
   <MessageLevel Certainty="95">Error</MessageLevel>
   <File Name="portabilityrules.dll" Version="15.0.0.0" />
  </Rule>
  <Rule TypeName="TypesThatOwnDisposableFieldsShouldBeDisposable" Category="Microsoft.Design" CheckId="CA1001">
   <Name>具有可释放字段的类型应该是可释放的</Name>
   <Description>声明可释放成员的类型也应实现 IDisposable。如果该类型没有任何非托管资源，请不要在其上实现终结器。</Description>
   <Resolution Name="DependsOnFix">在 {0} 上实现 IDisposable，因为它创建下列 IDisposable 类型的成员: {1}。如果以前提供过 {0}，对于现有使用者来说，向此类型添加用于实现 IDisposable 的新成员属于重大更改。</Resolution>
   <Owner />
   <Url>http://msdn.microsoft.com/library/ms182172.aspx</Url>
   <Email>[none]</Email>
   <MessageLevel Certainty="95">CriticalError</MessageLevel>
   <File Name="designrules.dll" Version="15.0.0.0" />
  </Rule>
  <Rule TypeName="不要多次释放对象" Category="Microsoft.Usage" CheckId="CA2202">
   <Name>不要多次释放对象</Name>
   <Description>可以多次调用正确实现的 Dispose 方法，而不会引发异常。但是，并不保证所有情况下都会如此。若要避免生成 System.ObjectDisposedException，您不应对一个对象多次调用 Dispose。</Description>
   <Resolution Name="Default">可以在方法 {1} 中多次释放对象 {0}。若要避免生成 System.ObjectDisposedException，不应对一个对象多次调用 Dispose。: Lines: 178</Resolution>
   <Owner>RuleOwner</Owner>
   <Url>http://msdn.microsoft.com/library/ms182334.aspx</Url>
   <Email />
   <MessageLevel Certainty="75">Warning</MessageLevel>
   <File Name="dataflowrules.dll" Version="15.0.0.0" />
  </Rule>
 </Rules>
 <Localized>
  <String Key="Category">类别</String>
  <String Key="Certainty">确定性</String>
  <String Key="CollapseAll">全部折叠</String>
  <String Key="CheckId">检查 ID</String>
  <String Key="Error">错误</String>
  <String Key="Errors">错误</String>
  <String Key="ExpandAll">全部展开</String>
  <String Key="Help">帮助</String>
  <String Key="Line">行</String>
  <String Key="Messages">消息</String>
  <String Key="LocationNotStoredInPdb">[位置未存储在 Pdb 中]</String>
  <String Key="Project">项目</String>
  <String Key="Resolution">解析</String>
  <String Key="Rule">规则</String>
  <String Key="RuleFile">规则文件</String>
  <String Key="RuleDescription">规则说明</String>
  <String Key="Source">源</String>
  <String Key="Status">状态</String>
  <String Key="Target">目标</String>
  <String Key="Warning">警告</String>
  <String Key="Warnings">警告</String>
  <String Key="ReportTitle">代码分析报告</String>
 </Localized>
</FxCopReport>
